259754578.0,4087523287.0,65347583.0,4637259468.0,5440333908.0,311781835.0,4949438733.0
259754578.0,4087523287.0,65347583.0,4637259468.0,5440333908.0,311781835.0,4949438733.0
259754578.0,4087523287.0,65347583.0,4637259468.0,5440333908.0,311781835.0,4949438733.0
259754578.0,4087523287.0,65347583.0,4637259468.0,5440333908.0,311781835.0,4949438733.0
259754578.0,4087523287.0,65347583.0,4637259468.0,5440333908.0,311781835.0,4949438733.0
259754578.0,4087523287.0,65347583.0,4637259468.0,5440333908.0,311781835.0,4949438733.0
259754578.0,4087523287.0,65347583.0,4637259468.0,5440333908.0,311781835.0,4949438733.0
259754578.0,4087523287.0,65347583.0,4637259468.0,5440333908.0,65310244.0,65297772.0
4087523287.0,65347583.0,4637259468.0,5440333908.0,259754578.0,65305283.0,767846773.0
4087523287.0,65347583.0,259754578.0,4637259468.0,5440333908.0,65305283.0,767846773.0
259754578.0,4087523287.0,65347583.0,4637259468.0,5440333908.0,311781835.0,4949438733.0
259754578.0,4087523287.0,65347583.0,4637259468.0,5440333908.0,311781835.0,4949438733.0
259754578.0,4087523287.0,65347583.0,4637259468.0,5440333908.0,65310244.0,65297772.0
259754578.0,4087523287.0,65347583.0,4637259468.0,5440333908.0,65310244.0,65297772.0
4087523287.0,65347583.0,259754578.0,4637259468.0,5440333908.0,65305283.0,767846773.0
259754578.0,4087523287.0,65347583.0,4637259468.0,5440333908.0,311781835.0,4949438733.0
259754578.0,4087523287.0,65347583.0,4637259468.0,5440333908.0,65305283.0,767846773.0
259754578.0,4087523287.0,65347583.0,4637259468.0,5440333908.0,311781835.0,4949438733.0
259754578.0,4087523287.0,65347583.0,4637259468.0,5440333908.0,65305283.0,767846773.0
259754578.0,4087523287.0,65347583.0,4637259468.0,5440333908.0,311781835.0,4949438733.0
259754578.0,4087523287.0,65347583.0,4637259468.0,5440333908.0,311781835.0,4949438733.0
259754578.0,4087523287.0,65347583.0,4637259468.0,5440333908.0,311781835.0,4949438733.0
259754578.0,4087523287.0,65347583.0,4637259468.0,5440333908.0,65305283.0,767846773.0
259754578.0,4087523287.0,65347583.0,4637259468.0,5440333908.0,65305283.0,767846773.0
